URL,TTL,Message
kat.cr,1,timed out
kat.cr,2,timed out
kat.cr,3,timed out
kat.cr,4,timed out
kat.cr,5,timed out
kat.cr,6,timed out
kat.cr,7,timed out
kat.cr,8,timed out
kat.cr,9,timed out
kat.cr,10,timed out
kat.cr,11,timed out
kat.cr,12,timed out
kat.cr,13,timed out
kat.cr,14,timed out
kat.cr,15,"['###[ SSL/TLS ]###', '  \\records   \\']"
kat.cr,16,"['###[ SSL/TLS ]###', '  \\records   \\']"
kat.cr,17,"['###[ SSL/TLS ]###', '  \\records   \\']"
kat.cr,18,"['###[ SSL/TLS ]###', '  \\records   \\']"
kat.cr,19,"['###[ SSL/TLS ]###', '  \\records   \\']"
kat.cr,20,"['###[ SSL/TLS ]###', '  \\records   \\']"
kat.cr,21,"['###[ SSL/TLS ]###', '  \\records   \\']"
kat.cr,22,"['###[ SSL/TLS ]###', '  \\records   \\']"
kat.cr,23,"['###[ SSL/TLS ]###', '  \\records   \\']"
kat.cr,24,"['###[ SSL/TLS ]###', '  \\records   \\']"
kat.cr,25,"['###[ SSL/TLS ]###', '  \\records   \\']"
kat.cr,26,"['###[ SSL/TLS ]###', '  \\records   \\']"
kat.cr,27,"['###[ SSL/TLS ]###', '  \\records   \\']"
kat.cr,28,"['###[ SSL/TLS ]###', '  \\records   \\']"
kat.cr,29,"['###[ SSL/TLS ]###', '  \\records   \\']"
